JSLBANK,1588778995978481,,josevelmma5@gmail.com,comercio,pont
JSLBANK,1588778995978481,,josevelmma5@gmail.com,comercio,pont
JSLBANK,1588778995978481,,josevelmma5@gmail.com,comercio,pont
JSLBANK,1588778995978481,,josevelmma5@gmail.com,comercio,pont
JSLBANK,1588778995978481,Alto são bento- itapema, casa 250,joBWAY@gmail.com,comercio,pontualidade
JSLBANK,1588778995978481,Alto são bento- itapema, casa 250,joBWAY@gmail.com,comercio,pontualidade
JSLBANK,1588778995978481,Alto são bento- itapema, casa 250,joBWAY@gmail.com,comercio,pontualidade
JSLBANK,1588778995978481,Alto são bento- itapema, casa 250,joBWAY@gmail.com,comercio,pontualidade
JSLBANK,1588778995978481,Alto são bento- itapema, casa 250,joBWAY@gmail.com,comercio,pontualidade
jobway.sa,1588778995978481,Alto são bento- itapema, casa 250,joBWAY@gmail.com,comercio,pontualidade
JSLBANK,,,josevelmma5@gmail.com,JSLBANK,pontualidade
